1700140800248,true,ADM FOP,ADM,NTU Garden,ADM FOP 2024,10-07-2024 10:00,12-07-2024 17:00,02-07-2024 23:00,150,10,OURIN,DON84-,KOH1-,-
1700140800438,true,EEE FOP,EEE,EEE Compound,EEE FOP 2024,10-07-2024 10:00,12-07-2024 17:00,02-07-2024 23:00,150,30,ARVI,BR015-,-,ELI34-
1700140800359,true,NBS FOP,NBS,Gaia,NBS FOP 2024,10-07-2024 10:00,12-07-2024 17:00,02-07-2024 23:00,200,30,ARVI,YCN019-,SL22-,-
1700140571051,true,NTU FOP,NTU,NTU,NTU FOP 2024,07-07-2024 10:00,10-07-2024 16:00,01-07-2024 23:00,200,20,HUKUMAR,CT113-DL007-,YCHERN-LE51-,-
1700140800528,true,NTUpreciate,NTU,NTU,Appreciation Day 2024,15-07-2024 10:00,16-07-2024 17:00,02-07-2024 23:00,150,20,ANWIT,KOH1-ELI34-,LEE-LIU-CT113-,YCN019-YCHERN-
1700140611094,true,SCSE FOP,SCSE,NTU,SCSE FOP 2024,10-07-2024 10:00,14-07-2024 18:00,01-07-2024 23:00,250,20,HUKUMAR,YCHERN-,CT113-DL007-LE51-,-
